{"cameraMode":{"drawMode":0,"name":"Shaded","section":"Shading Mode"},"sceneLighting":true,"audioPlay":false,"sceneViewState":{"m_AlwaysRefresh":false,"showFog":true,"showSkybox":true,"showFlares":true,"showImageEffects":true,"showParticleSystems":true,"showVisualEffectGraphs":true,"m_FxEnabled":true},"in2DMode":false,"pivot":{"x":0.0390685573220253,"y":0.925804078578949,"z":-0.45111513137817385},"rotation":{"x":-0.0413297563791275,"y":0.5166139006614685,"z":-0.024977153167128564,"w":-0.8548555374145508},"size":3.9198124408721926,"orthographic":false}